time,member,sales,delta
2026-09-29T00:56:30+08:00,OffLine,0,
2026-09-29T00:56:41+08:00,OffLine,0,0
2026-09-29T00:56:51+08:00,OffLine,0,0
2026-09-29T00:57:01+08:00,OffLine,0,0
2026-09-29T00:57:12+08:00,OffLine,0,0
2026-09-29T00:57:22+08:00,OffLine,0,0
2026-09-29T00:57:33+08:00,OffLine,0,0
2026-09-29T00:58:01+08:00,OffLine,0,0
2026-09-29T00:58:12+08:00,OffLine,0,0
2026-09-29T00:58:22+08:00,OffLine,0,0
2026-09-29T00:58:33+08:00,OffLine,0,0
2026-09-29T00:58:43+08:00,OffLine,0,0
2026-09-29T00:58:54+08:00,OffLine,0,0
2026-09-29T00:59:21+08:00,OffLine,0,0
2026-09-29T00:59:32+08:00,OffLine,0,0
2026-09-29T00:59:42+08:00,OffLine,0,0
2026-09-29T00:59:52+08:00,OffLine,0,0
2026-09-29T01:00:03+08:00,OffLine,0,0
2026-09-29T01:00:13+08:00,OffLine,0,0
2026-09-29T01:00:42+08:00,OffLine,0,0
2026-09-29T01:00:53+08:00,OffLine,0,0
2026-09-29T01:01:04+08:00,OffLine,0,0
2026-09-29T01:01:14+08:00,OffLine,0,0
2026-09-29T01:01:25+08:00,OffLine,0,0
